{"cameraMode":{"drawMode":0,"name":"Shaded","section":"Shading Mode"},"sceneLighting":false,"audioPlay":false,"sceneViewState":{"m_AlwaysRefresh":false,"showFog":true,"showSkybox":false,"showFlares":true,"showImageEffects":true,"showParticleSystems":true,"showVisualEffectGraphs":true,"m_FxEnabled":true},"in2DMode":false,"pivot":{"x":0.5525808930397034,"y":0.33814671635627749,"z":20.135494232177736},"rotation":{"x":-0.003031594678759575,"y":-0.9954832792282105,"z":0.08864177018404007,"w":-0.0340673103928566},"size":1.3221865892410279,"orthographic":false}